{"cameraMode":{"drawMode":0,"name":"Shaded","section":"Shading Mode"},"sceneLighting":true,"audioPlay":false,"sceneViewState":{"m_AlwaysRefresh":false,"showFog":true,"showSkybox":true,"showFlares":true,"showImageEffects":true,"showParticleSystems":true,"showVisualEffectGraphs":true,"m_FxEnabled":true},"in2DMode":false,"pivot":{"x":4.855520248413086,"y":-41.06035232543945,"z":43.201446533203128},"rotation":{"x":0.37979844212532046,"y":0.19040121138095857,"z":-0.08051462471485138,"w":0.9016948938369751},"size":34.938072204589847,"orthographic":false}