{"cameraMode":{"drawMode":0,"name":"Shaded","section":"Shading Mode"},"sceneLighting":true,"audioPlay":false,"sceneViewState":{"m_AlwaysRefresh":false,"showFog":true,"showSkybox":true,"showFlares":true,"showImageEffects":true,"showParticleSystems":true,"showVisualEffectGraphs":true,"m_FxEnabled":true},"in2DMode":false,"pivot":{"x":-17.889999389648439,"y":1.7599999904632569,"z":8.329999923706055},"rotation":{"x":0.013518025167286396,"y":-0.9798984527587891,"z":0.1871209442615509,"w":0.06900327652692795},"size":2.355088710784912,"orthographic":false}