{"cameraMode":{"drawMode":0,"name":"Shaded","section":"Shading Mode"},"sceneLighting":true,"audioPlay":false,"sceneViewState":{"m_AlwaysRefresh":false,"showFog":true,"showSkybox":true,"showFlares":true,"showImageEffects":true,"showParticleSystems":true,"showVisualEffectGraphs":true,"m_FxEnabled":true},"in2DMode":false,"pivot":{"x":-0.6168302297592163,"y":-0.9575146436691284,"z":2.801142930984497},"rotation":{"x":-0.19759206473827363,"y":-0.12938040494918824,"z":0.026667941361665727,"w":-0.9714255332946777},"size":7.071067810058594,"orthographic":false}