{"cameraMode":{"drawMode":0,"name":"Shaded","section":"Shading Mode"},"sceneLighting":true,"audioPlay":false,"sceneViewState":{"m_AlwaysRefresh":false,"showFog":true,"showSkybox":true,"showFlares":true,"showImageEffects":true,"showParticleSystems":true,"showVisualEffectGraphs":true,"m_FxEnabled":true},"in2DMode":false,"pivot":{"x":-14.991522789001465,"y":0.8155112862586975,"z":-0.45419228076934817},"rotation":{"x":-0.043731607496738437,"y":0.9354497790336609,"z":-0.12384308129549027,"w":-0.3282979130744934},"size":2.355088710784912,"orthographic":false}