{"cameraMode":{"drawMode":0,"name":"Shaded","section":"Shading Mode"},"sceneLighting":true,"audioPlay":false,"sceneViewState":{"m_AlwaysRefresh":false,"showFog":true,"showSkybox":true,"showFlares":true,"showImageEffects":true,"showParticleSystems":true,"showVisualEffectGraphs":true,"m_FxEnabled":true},"in2DMode":false,"pivot":{"x":998.4552612304688,"y":222.13526916503907,"z":-182.24880981445313},"rotation":{"x":0.00421846704557538,"y":-0.024745188653469087,"z":-0.00022191838070284575,"w":0.9997633695602417},"size":330.03143310546877,"orthographic":false}