{"cameraMode":{"drawMode":0,"name":"Shaded","section":"Shading Mode"},"sceneLighting":true,"audioPlay":false,"sceneViewState":{"m_AlwaysRefresh":false,"showFog":true,"showSkybox":true,"showFlares":true,"showImageEffects":true,"showParticleSystems":true,"showVisualEffectGraphs":true,"m_FxEnabled":true},"in2DMode":false,"pivot":{"x":1044.2889404296875,"y":669.1868286132813,"z":-111.9529037475586},"rotation":{"x":-0.1925443410873413,"y":0.026117835193872453,"z":-0.006740500684827566,"w":-0.9812077879905701},"size":150.73741149902345,"orthographic":false}