{"cameraMode":{"drawMode":0,"name":"Shaded","section":"Shading Mode"},"sceneLighting":true,"audioPlay":false,"sceneViewState":{"m_AlwaysRefresh":false,"showFog":true,"showSkybox":true,"showFlares":true,"showImageEffects":true,"showParticleSystems":true,"showVisualEffectGraphs":true,"m_FxEnabled":true},"in2DMode":false,"pivot":{"x":-23.846956253051759,"y":1.8986963033676148,"z":17.430927276611329},"rotation":{"x":-0.010555669665336609,"y":0.6044688820838928,"z":0.010395008139312268,"w":0.7968566417694092},"size":1.9666361808776856,"orthographic":false}