{"cameraMode":{"drawMode":0,"name":"Shaded","section":"Shading Mode"},"sceneLighting":true,"audioPlay":false,"sceneViewState":{"m_AlwaysRefresh":false,"showFog":true,"showSkybox":true,"showFlares":true,"showImageEffects":true,"showParticleSystems":true,"showVisualEffectGraphs":true,"m_FxEnabled":true},"in2DMode":false,"pivot":{"x":-13.203322410583496,"y":3.3108692169189455,"z":4.3133392333984379},"rotation":{"x":0.1795525997877121,"y":0.7877967953681946,"z":-0.2684612274169922,"w":0.5247757434844971},"size":7.5499467849731449,"orthographic":false}