{"cameraMode":{"drawMode":0,"name":"Shaded","section":"Shading Mode"},"sceneLighting":true,"audioPlay":false,"sceneViewState":{"m_AlwaysRefresh":false,"showFog":true,"showSkybox":true,"showFlares":true,"showImageEffects":true,"showParticleSystems":true,"showVisualEffectGraphs":true,"m_FxEnabled":true},"in2DMode":false,"pivot":{"x":-0.7376267910003662,"y":-0.31015586853027346,"z":-1.2433803081512452},"rotation":{"x":-0.09802556037902832,"y":0.8975544571876526,"z":-0.3373298943042755,"w":-0.26769551634788515},"size":2.418158531188965,"orthographic":false}